https://bytes.swiggy.com/smart-push-notifications-multi-armed-bandits-at-swiggy-part-4-f5698f2af0a6	blocked	(навигация отклонена или не удалась; страница не открылась)
https://careersatdoordash.com/blog/doordash-customize-notifications-how-gnn-work/	exists	Beyond the Click: Elevating DoorDash's personalized notification experience with GNN recommendation - DoorDash
https://careersatdoordash.com/blog/experiment-faster-and-with-less-effort/	exists	Experiment Faster and with Less Effort - DoorDash
https://companies.rbc.ru/news/88FdgpaEFy/rshb-vnedril-platformu-avtomatizatsii-marketinga-cm-ocean-ot-data-sapience/	blocked	(страница не загрузилась, title пустой; curl давал 401)
https://medium.com/airbnb-engineering/journey-platform-a-low-code-tool-for-creating-interactive-user-workflows-9954f51fa3f8	exists	Journey Platform: A low-code tool for creating interactive user workflows | by Arjun Raman | The Airbnb Tech Blog | Medium
https://medium.com/data-monzo/optimising-marketing-messages-for-monzo-users-3fe805f24572	exists	Optimising marketing messages for Monzo users | by Valeria Cortez | Data @ Monzo | Medium
https://medium.com/gojekengineering/behind-the-screens-the-evolution-of-gojeks-user-communications-63eb6f81acdb	exists	Behind the Screens: The Evolution of Gojek’s User Communications | by April DSouza | Gojek Product + Tech | Medium
https://medium.com/pinterest-engineering/identify-user-journeys-at-pinterest-b517f6275b42	exists	Identify User Journeys at Pinterest | by Pinterest Engineering | Pinterest Engineering Blog | Medium
https://medium.com/pinterest-engineering/nep-notification-system-and-relevance-a7fff21986c7	exists	NEP: Notification System and Relevance | by Pinterest Engineering | Pinterest Engineering Blog | Medium
https://medium.com/swiggy-bytes/decoding-customer-value-pltv-models-for-indias-quick-commerce-delivery-wars-part-1-d01a3e6015ba	exists	Decoding Customer Value: pLTV Models for India’s Quick Commerce Delivery Wars — part 1 | by Jayshmi A | Swiggy Bytes — Tech Blog | Medium
https://netflixtechblog.medium.com/thinking-fast-slow-for-a-personalized-notification-system-4d89b26525cd	exists	Thinking Fast & Slow for a Personalized Notification System | by Netflix Technology Blog | Netflix TechBlog
https://tech.instacart.com/scaling-personalized-marketing-for-multi-tenant-commerce-platforms-816f0c6a046b	exists	Scaling Personalized Marketing for Multi-Tenant Commerce Platforms | by Brent Scheibelhut | tech-at-instacart
https://uber.com/blog/enhancing-personalized-crm	exists	Enhancing Personalized CRM Communication with Contextual Bandit Strategies
https://www.builtinnyc.com/job/product-manager-messaging-platform-tooling/6767233	blocked	Just a moment... (проверка Cloudflare)
https://www.sberbank.ru/ru/sberpress/all/article?blockID=1303&lang=ru&newsID=7706b0f6-97fe-438a-ab46-b99ea335e480&regionID=64	blocked	(навигация отклонена или не удалась; страница не открылась)
https://www.stocktitan.net/news/BRZE/braze-announces-2026-torchie-award-winners-recognizing-the-marketers-a5xzs1pjgc4u.html	exists	Braze Names Winners of 2026 Torchie Awards | BRZE Stock News
https://www.uber.com/blog/personalized-marketing-at-scale/	exists	Personalized Marketing at Scale: Uber’s Out-of-App Recommendation System
https://www.uber.com/us/en/blog/how-uber-optimizes-push-notifications-using-ml/	exists	How Uber Optimizes the Timing of Push Notifications using ML and Linear Programming
https://www.uber.com/us/en/blog/solving-multiple-knapsack/	exists	Beyond Prediction: Solving the Multiple Knapsack Problem at Scale: How Uber Optimizes Incentives
https://academy.pega.com/challenge/prioritizing-actions-business-levers/v4	exists	Prioritizing actions with business levers | Pega Academy
https://academy.pega.com/sites/default/files/media/documents/2024-10/MIS26306-8-EN-StudentGuide.pdf	exists	MIS26306-8-EN-StudentGuide.pdf (HEAD 200, application/pdf, 23 251 067 байт; не открывался)
https://academy.pega.com/topic/action-arbitration/v3	exists	Action arbitration | Pega Academy
https://academy.pega.com/topic/exploring-next-best-action-decisions/v2/in/90016	exists	Exploring Next-Best-Action decisions | Pega Academy
https://academy.pega.com/topic/governance-best-practices/v1	exists	Governance best practices | Pega Academy
https://docs-previous.pega.com/pega-customer-decision-hub-user-guide/85/applying-context-weighting	missing	Looking for something? | Pega (редирект на 404-страницу архива pega.com)
https://martech.org/10-lessons-from-real-world-esp-migrations/	exists	10 lessons from real-world ESP migrations
https://medium.com/@thaniathnainkh/beyond-the-banner-building-a-high-performance-ad-system-from-scratch-f8c37c4d08ba	exists	How to Build a Modern Ad Engine from Scratch | Medium (заголовок статьи: Beyond the Banner)
https://medium.com/myntra-engineering/myntra-store-federated-architecture-part-1-automatic-layout-widget-reordering-c8c68f7ddea9	exists	Myntra Store Federated Architecture Part 1: Automatic Layout Widget Reordering | by Sanjeev Kumar Dangi | Myntra Engineering | Medium
https://medium.com/pinterest-engineering/how-holdout-groups-drive-sustainable-growth-35a4786c3801	exists	How holdout groups drive sustainable growth | by Pinterest Engineering | Pinterest Engineering Blog | Medium
https://mindbox.ru/journal/cases/na-polke-research/	exists	B2B-маркетплейс на_полке увеличил долю заказов из CRM-канала до 11,9% - Журнал Mindbox о разумном бизнесе
https://mindbox.ru/journal/education/blokirovka-whatsapp-i-telegram/	exists	Роскомнадзор блокирует WhatsApp и Telegram в России: что ждет бизнес - Журнал Mindbox о разумном бизнесе
https://mindbox.ru/journal/education/incrementality-marketing/	exists	Инкрементальный эффект в маркетинге: как измерить рост продаж и выручки - Журнал Mindbox о разумном бизнесе
https://mindbox.ru/journal/education/rassylka-yandex-mail-gmail/	exists	Как сделать рассылку в Mail.ru, Yandex и Gmail: нюансы и советы - Журнал Mindbox о разумном бизнесе
https://support.iterable.com/hc/en-us/articles/15342990564372-Frequency-Management	exists	Frequency Management – Iterable Support Center
https://support.iterable.com/hc/en-us/articles/28145709731348-Frequency-Optimization	exists	Frequency Optimization – Iterable Support Center
https://www.businessofapps.com/marketplace/push-notifications/research/push-notifications-statistics/	exists	Push Notifications Statistics (2026) - Business of Apps
https://www.mobiloud.com/blog/push-notification-statistics	exists	50+ Push Notification Statistics for 2025 | MobiLoud
https://bytes.swiggy.com/kabootar-swiggys-communication-platform-e5a43cc25629	blocked	(не открывалась: первая навигация на bytes.swiggy.com была отклонена/не удалась, повтор по домену не делался)
https://careersatdoordash.com/jobs/manager-lifecycle-marketing/7343039/	missing	Job Search - DoorDash (редирект на общий список /job-search/, вакансии нет)
https://medium.com/@aveggiani/2026-field-notes-on-customer-engagement-platforms-part-4-adobe-journey-optimizer-280a4f538279	exists	2026 Field Notes on Customer Engagement Platforms — Part 4: Adobe Journey Optimizer | by Andrea Veggiani | Medium
https://medium.com/dreamlockerroom/personalisation-at-scale-dream11s-journey-to-redefine-user-experience-edc9e89f42f9	exists	Personalisation at Scale: Dream11’s Journey to Redefine User Experience | by Dream Blog | Dream Locker Room | Medium
https://medium.com/mercadolibre-tech/how-we-design-our-push-notifications-strategy-so-that-customers-interact-with-our-product-fda8a3c4be01	exists	Our push notifications strategy | Mercado Libre Tech | Tecnología de Mercado Libre
https://medium.com/pinterest-engineering/user-state-based-notification-volume-optimization-7764118f73ff	exists	User state-based notification volume optimization | by Pinterest Engineering | Pinterest Engineering Blog | Medium
https://startup.jobs/crm-manager-monzo-3043093	exists	CRM Manager at Monzo (вакансия закрыта: «no longer available»)
https://workopia.io/jobs/f759cde2ffedd3090fec233a857174fa	exists	Head, Crm at Delivery Hero (foodpanda) | Workopia
https://www.builtinnyc.com/job/engineering-manager-messaging-platform-tooling/9012479	blocked	Just a moment... (проверка Cloudflare)
https://www.builtinnyc.com/job/senior-product-manager-social-growth/8492791	blocked	Just a moment... (проверка Cloudflare)
https://www.builtinnyc.com/job/staff-software-engineer-marketing-technology-orchestration/6259078	blocked	Just a moment... (проверка Cloudflare)
https://www.businesswire.com/news/home/20250225215027/en/Braze-Global-Customer-Engagement-Review-Reveals-Key-Trends-for-2025-to-Help-Brands-Build-Stronger-Customer-Connections	blocked	Access Denied
https://www.emarketer.com/content/faq-on-incrementality-how-prove-your-ads-actually-work-2026	blocked	www.emarketer.com | 520: Web server is returning an unknown error
https://www.gartner.com/en/documents/7071298	exists	2025 Martech Survey: What High-Performing Martech Teams Get Right (Gartner, абстракт; полный документ за входом)
https://www.mckinsey.com/capabilities/growth-marketing-and-sales/our-insights/unlocking-the-next-frontier-of-personalized-marketing	exists	The next frontier of personalized marketing | McKinsey
https://www.uber.com/global/en/careers/list/145655/	missing	Uber Careers — «Not found. The page you are looking for does not exist» (редирект на jobs.uber.com/en/jobs/145655/)
https://academy.pega.com/topic/action-prioritization-ai/v4/in/51721	exists	Action prioritization with AI | Pega Academy
https://academy.pega.com/topic/exploring-next-best-action-decisions/v1	exists	Exploring Next-Best-Action decisions | Pega Academy (v1)
https://booking.ai/a-recap-of-the-2025-experimentation-conference-at-booking-com-1010acbde2c4	exists	A Recap of the 2025 Experimentation Conference at Booking.com | by Mel JI Mueller | Booking.com ML & DS Blog
https://careersatdoordash.com/blog/adapted-switch-back-testing-to-quantify-incrementality-for-app-marketplace-search-ads/	exists	Adapted Switch-back Testing to Quantify Incrementality for App Marketplace Search Ads
https://www.uber.com/hk/en/blog/solving-multiple-knapsack/	exists	Beyond Prediction: Solving the Multiple Knapsack Problem at Scale: How Uber Optimizes Incentives (версия /hk/en/)
https://fas.gov.ru/publications/19244	blocked	(навигация отклонена браузером: fas.gov.ru)
https://fas.gov.ru/news/8016	blocked	(навигация отклонена браузером: fas.gov.ru)
https://fas.gov.ru/publications/21602	blocked	(домен fas.gov.ru отклонён при двух попытках; не повторял)
https://fas.gov.ru/news/33193	blocked	(домен fas.gov.ru отклонён; не повторял)
https://fas.gov.ru/publications/20057	blocked	(домен fas.gov.ru отклонён; не повторял)
https://23.rkn.gov.ru/news/news159224.htm	blocked	(навигация отклонена браузером: 23.rkn.gov.ru)
https://rkn.gov.ru/press/news/news74777.htm	blocked	(навигация отклонена браузером: rkn.gov.ru)
https://www.rbc.ru/technology_and_media/10/02/2026/698afe729a79470c08a17b91	blocked	(страница загрузилась пустой: title и текст пусты, ранее 401)
https://www.svoboda.org/a/roskomnadzor-pochti-polnostjyu-zamedlil-rabotu-telegram/33716478.html	exists	Роскомнадзор почти полностью замедлил работу Telegram
http://publication.pravo.gov.ru/document/0001202504010010	exists	Федеральный закон от 01.04.2025 № 41-ФЗ ∙ Официальное опубликование правовых актов
https://www.consultant.ru/document/cons_doc_LAW_43224/b5a11e1f308ded9f4b94bf885bcf76ed577f9576/	exists	Статья 44.1-1. Массовые вызовы КонсультантПлюс
https://www.consultant.ru/document/cons_doc_LAW_418000/	exists	Постановление Правительства РФ от 28.05.2022 N 974 (ред. от 18.09.2025) КонсультантПлюс
https://www.consultant.ru/document/cons_doc_LAW_482014/d54cdfade7a7dd1f49306a747e3204aa24f7ab41/	exists	VII. О распространении рекламы по сетям электросвязи КонсультантПлюс (Приказ ФАС России от 20.06.2024 N 410/24)
https://www.consultant.ru/law/podborki/reklama_bez_soglasiya/	exists	Реклама без согласия 2026-2025-2024 год КонсультантПлюс
https://openreview.net/forum?id=8GH752ZJ5j	blocked	Verifying your browser | OpenReview (проверка браузера, не обходил)
https://help.salesforce.com/s/articleView?language=en_US&id=mktg.mc_ees_einstein_feature_overview.htm&type=5	exists	Einstein for Marketing Cloud Engagement Feature Overview and Requirements | Salesforce Help
https://support.iterable.com/hc/en-us/articles/13102589168916-Channel-Optimization	exists	Channel Optimization – Iterable Support Center
https://support.iterable.com/hc/en-us/articles/7412316462996-Optimizing-Campaign-Delivery	exists	Optimizing Campaign Delivery – Iterable Support Center
https://communities.sas.com/t5/SAS-Communities-Library/SAS-Customer-Intelligence-360-Decision-management-machine/ta-p/518913	exists	SAS Customer Intelligence 360: Decision management, machine learning, ... - SAS Support Communities
https://academy.pega.com/topic/configuring-adaptive-model/v1	exists	Configuring an adaptive model | Pega Academy
https://academy.pega.com/topic/customer-decision-hub-predictions/v2	exists	Customer Decision Hub predictions | Pega Academy
https://medium.com/@tushargoelml/near-real-time-optimization-of-notifications-at-linkedin-part-i-893dcb8eef41	exists	Near Real-Time Optimization of Notifications at LinkedIn — Part I | by Tushar Goel | Medium
https://dl.acm.org/doi/10.1145/3219819.3219906	exists	Notification Volume Control and Optimization System at Pinterest | KDD '18
https://papers.ssrn.com/sol3/Delivery.cfm/6165626.pdf?abstractid=6165626	blocked	Just a moment... (Cloudflare на странице abstract_id=6165626; PDF-ссылку не открывал, чтобы не запускать скачивание)
https://image-ppubs.uspto.gov/dirsearch-public/print/downloadPdf/12536414	exists	PDF не открывал (скачивание); патент подтверждён на patents.google.com: US12536414B2 Notification management and channel selection
https://image-ppubs.uspto.gov/dirsearch-public/print/downloadPdf/12229804	exists	PDF не открывал (скачивание); патент подтверждён на patents.google.com: US12229804B2 Multi-objective electronic communication frequency optimization
https://image-ppubs.uspto.gov/dirsearch-public/print/downloadPdf/10516644	exists	PDF не открывал (скачивание); патент подтверждён на patents.google.com: US10516644 Near real time relevance ranker for notifications
https://link.springer.com/chapter/10.1007/978-3-031-94544-1_15	exists	Metrics for Experimentation Programs: Categories, Benefits and Challenges | Springer Nature Link
https://arxiv.org/html/2606.04110	exists	Variance Reduction for Heavy-Tailed Monetization Metrics in Ranking Experiments via Post-Stratification
https://tech.instacart.com/instacarts-economics-team-using-surrogate-indices-to-estimate-long-run-heterogeneous-treatment-0bf7bc96c6e6	exists	Using Surrogate Indices to Estimate Long-Run Heterogeneous Treatment Effects of Membership Incentives | by Levi Boxell | tech-at-instacart
https://ar5iv.labs.arxiv.org/html/2210.08338	exists	[2210.08338] Fair Effect Attribution in Parallel Online Experiments
https://habr.com/ru/companies/garage8/articles/941598/	exists	Нормально делай — нормально будет: как создавать CRM-коммуникации на миллионы пользователей без ошибок / Хабр
https://arxiv.org/pdf/2510.03468	exists	Improving Sensitivity in A/B Tests: Integrating CUPED with Trimmed Mean Techniques (прочитано на arxiv.org/html/2510.03468; PDF не открывал)
https://tech.instacart.com/bandits-for-marketing-optimization-f5a63b9bfaa7	exists	Bandits for Marketing Optimization | by Tilman Drerup | tech-at-instacart
https://www.sostav.ru/blogs/286455/75101	exists	Топ телеграм-каналов о лояльности, CRM и клиентском опыте для маркетологов
https://lms.matemarketing.ru/content/conference/3	exists	Матемаркетинг - 2023 (conference/3; не MM'24-26; MM-2025 = conference/20)
https://mailingday.ru	exists	Mailing Day 2026 (редирект на mailingday.ru/2026)
https://conference.mindbox.ru/	exists	Mindbox Конференция 2026, 23–24 октября, онлайн и в Москве
https://auditorium-cg.ru/crm25	exists	CRM FORCE 2025
https://www.pega.com/insights/resources/pegaworld-2025-shifting-high-gear-citibanks-path-scalable-high-powered-marketing	exists	PegaWorld 2025: Shifting into High Gear: Citibank's Path to Scalable, High-powered Marketing Operations | Pega (расшифровка видео не отображается)
https://www.rshb.ru/news/06082026_000001	blocked	(навигация отклонена браузером: rshb.ru)
https://www.tadviser.ru/index.php/%D0%9F%D1%80%D0%BE%D0%B5%D0%BA%D1%82:%D0%9B%D0%B5%D0%BD%D1%82%D0%B0_%D0%A1%D0%B5%D1%82%D1%8C_%D1%80%D0%BE%D0%B7%D0%BD%D0%B8%D1%87%D0%BD%D0%BE%D0%B9_%D1%82%D0%BE%D1%80%D0%B3%D0%BE%D0%B2%D0%BB%D0%B8_(Data_Sapience:_CM_Ocean)	exists	Лента Сеть розничной торговли (Data Sapience: CM Ocean)
https://companies.rbc.ru/news/NSlD1nloc9/bank-hlyinov-i-glowbyte-vnedrili-reshenie-cm-ocean-ot-data-sapience/	exists	Банк «Хлынов» и GlowByte внедрили решение CM Ocean от Data Sapience | РБК Компании
https://s203.q4cdn.com/277576744/files/doc_financials/2027/q1/BRZE-USQ_Transcript_2026-05-27.pdf	blocked	(PDF не открывал: риск скачивания файла; ранее 403)
https://www.magnit.com/upload/iblock/fd7/vcyltyz1s5yttt1dl1hn08nza0663ujq/MAGNIT_AR_2025.pdf	blocked	(PDF >10 МБ не открывал: риск скачивания файла)
https://branch8.com/posts/salesforce-marketing-cloud-to-braze-migration-guide-apac	exists	SFMC to Braze Migration Guide for APAC Retail | Branch8
https://insiderone.com/customer-engagement-platforms/migration/	exists	Customer Engagement Platform Migration Guide | Insider One
https://mindbox.ru/journal/cases/magnit-dostavka/	exists	Магнит Доставка получает 20% выручки из CRM-канала: мобильные пуши, каскадные сценарии, AB-тесты и NPS-опросы - Журнал Mindbox о разумном бизнесе
https://datasapience.ru/implementation-of-targeted-marketing-automation-platform	exists	Внедрение платформы автоматизации целевого маркетинга| Data Sapience
https://mindbox.ru/journal/cases/inventive-retail-group/	exists	Inventive Retail Group сократила затраты на CRM-маркетинг в 1,5 раза. При этом выстроила омниканальный путь клиента и единую отчетность - Журнал Mindbox о разумном бизнесе
