ok	200	http://orion-int.ru/kak-perestat-boyatsya-i-sobrat-vse-marketingovye-kanaly-kommunikacii-v-odnoj-platforme/
ok	200	http://publication.pravo.gov.ru/document/0001202504010010
ok	200	http://www.columbia.edu/~wm2428/papers/customer_engagement.pdf
warn	000	https://23.rkn.gov.ru/news/news159224.htm
ok	200	https://aampe.com/blog/governance-the-biggest-issue-apps-will-face-in-2023
ok	200	https://academy.insiderone.com/docs/faq-about-architect-1
ok	200	https://academy.pega.com/topic/configuring-adaptive-model/v1
ok	200	https://academy.pega.com/topic/customer-decision-hub-predictions/v2
ok	200	https://adpass.ru/ot-gonki-za-klikami-k-borbe-za-vnimanie-evolyutsiya-mobajla-za-10-let-vzglyad-t-banka/
ok	200	https://altcraft.com/blog/case-how-altcraft-platform-helped-top-insurance-company-increase-sales
ok	200	https://altcraft.com/blog/case-study-online-cinema-premier
ok	200	https://altcraft.com/blog/vbr-ru-altcraft-cdp-roi
ok	200	https://altcraft.com/ru/help-center/analitika/pokazateli-zdorovya-email
ok	браузер	https://ar5iv.labs.arxiv.org/html/2210.08338
ok	200	https://arxiv.org/abs/2402.11609
ok	200	https://arxiv.org/abs/2405.10490
ok	200	https://arxiv.org/abs/2608.01949
ok	200	https://arxiv.org/html/1911.08438v2
ok	200	https://arxiv.org/html/2406.07067
ok	200	https://arxiv.org/html/2510.03468
ok	200	https://arxiv.org/html/2603.05069
ok	200	https://arxiv.org/html/2606.04110
ok	200	https://arxiv.org/html/2606.09623
ok	200	https://arxiv.org/html/2607.28182
ok	200	https://arxiv.org/pdf/2406.07067
ok	200	https://arxiv.org/pdf/2407.16337
ok	200	https://arxiv.org/pdf/2510.03468
ok	200	https://arxiv.org/pdf/2604.16671
ok	200	https://auditorium-cg.ru/crm25
ok	200	https://avenuesoft.ru/overviews/sms/sms-2026
ok	200	https://base.garant.ru/412701779/
ok	200	https://baza.mave.digital/ep-10
ok	200	https://branch8.com/posts/salesforce-marketing-cloud-to-braze-migration-guide-apac
warn	403	https://careersatdoordash.com/blog/doordash-smarter-promotions-with-causal-machine-learning/
ok	браузер	https://communities.sas.com/t5/SAS-Communities-Library/SAS-Customer-Intelligence-360-Decision-management-machine/ta-p/518913
ok	браузер	https://companies.rbc.ru/news/NSlD1nloc9/bank-hlyinov-i-glowbyte-vnedrili-reshenie-cm-ocean-ot-data-sapience/
ok	200	https://conference.mindbox.ru/
ok	200	https://datasapience.ru
ok	200	https://datasapience.ru/implementation-of-targeted-marketing-automation-platform
ok	200	https://datasapience.ru/lenta-group-presented-a-project-with-data-sapience-on-redis-business-class
ok	200	https://datasciencefestival.com/session/a-sweet-and-sour-crm-platform-migration-the-data-engineering-journey-and-the-value-unlocked-for-data-science/
ok	200	https://dev.max.ru/docs/legal/requirements
ok	200	https://dev.max.ru/docs/legal/rules
ok	200	https://dev.max.ru/docs/maxbusiness/connection
ok	200	https://developer.android.com/develop/ui/views/notifications/notification-permission
ok	200	https://developer.apple.com/app-store/review/guidelines/
ok	браузер	https://dl.acm.org/doi/10.1145/3219819.3219906
warn	403	https://dl.acm.org/doi/pdf/10.1145/3219819.3219906
ok	200	https://docs.geteppo.com/data-management/organizing-metrics/guardrails/
ok	200	https://emas.nu/blog/programma/communication-that-fits-a-tailored-frequency-policy-for-g-star/
ok	200	https://engineering.atspotify.com/2024/03/risk-aware-product-decisions-in-a-b-tests-with-multiple-metrics
warn	000	https://fas.gov.ru/news/33193
warn	000	https://fas.gov.ru/news/8016
warn	000	https://fas.gov.ru/pages/contacts/requests/obrazczyi-dokumentov/poryadok-podachi-zhalob-na-nezakonnuyu-sms-reklamu.html
warn	000	https://fas.gov.ru/publications/19244
warn	000	https://fas.gov.ru/publications/20057
warn	000	https://fas.gov.ru/publications/21602
ok	200	https://glowbyteconsulting.com/finuslugi_dts_glowbyte
ok	200	https://glowbyteconsulting.com/nacionalnaya-lotereya-i-glowbyte-vnedrili-cm-ocean
ok	200	https://habr.com/ru/articles/951326/
ok	200	https://habr.com/ru/articles/981260/
ok	200	https://habr.com/ru/companies/alfa/articles/970596/
ok	200	https://habr.com/ru/companies/avito/articles/863960/
ok	200	https://habr.com/ru/companies/garage8/articles/838828/
ok	200	https://habr.com/ru/companies/garage8/articles/857900/
ok	200	https://habr.com/ru/companies/garage8/articles/941598/
ok	200	https://habr.com/ru/companies/lentatech/articles/1025636/
ok	200	https://habr.com/ru/companies/sportmaster_lab/articles/928536/
ok	200	https://habr.com/ru/companies/vk/articles/1010840/
ok	200	https://help.mindbox.ru/docs/%D1%87%D1%82%D0%BE-%D1%82%D0%B0%D0%BA%D0%BE%D0%B5-%D0%B3%D0%BB%D0%BE%D0%B1%D0%B0%D0%BB%D1%8C%D0%BD%D0%B0%D1%8F-%D0%BA%D0%BE%D0%BD%D1%82%D1%80%D0%BE%D0%BB%D1%8C%D0%BD%D0%B0%D1%8F-%D0%B3%D1%80%D1%83%D0%BF%D0%BF%D0%B0
ok	200	https://help.salesforce.com/s/articleView?id=mktg.mc_ees_einstein_feature_overview.htm&type=5
ok	200	https://help.salesforce.com/s/articleView?language=en_US&id=mktg.mc_ees_einstein_feature_overview.htm&type=5
ok	200	https://icml.cc/virtual/2026/session/68690
ok	200	https://image-ppubs.uspto.gov/dirsearch-public/print/downloadPdf/10516644
ok	200	https://image-ppubs.uspto.gov/dirsearch-public/print/downloadPdf/12229804
ok	200	https://image-ppubs.uspto.gov/dirsearch-public/print/downloadPdf/12536414
ok	200	https://insiderone.com/customer-engagement-platforms/migration/
ok	200	https://insiderone.com/predictive-personalization-ai/
ok	200	https://link.springer.com/chapter/10.1007/978-3-031-94544-1_15
ok	200	https://lms.matemarketing.ru/content/conference/3
ok	200	https://lms.matemarketing.ru/content/conferences
ok	200	https://mailfit.com/blog/keys-crm-funktsii-v-multiproduktovom-b2b-saas
ok	200	https://mailingday.ru
ok	200	https://mailingday.ru/2025
ok	200	https://matemarketing.ru/
ok	браузер	https://medium.com/@tushargoelml/near-real-time-optimization-of-notifications-at-linkedin-part-i-893dcb8eef41
ok	200	https://mindbox.ru/journal/cases/inventive-retail-group/
ok	200	https://mindbox.ru/journal/cases/komus/
ok	200	https://mindbox.ru/journal/cases/magnit-dostavka/
ok	200	https://mindbox.ru/journal/education/email-analitika/
ok	200	https://mindbox.ru/journal/experts/integration-guide/
ok	200	https://openreview.net/forum?id=8GH752ZJ5j
warn	403	https://papers.ssrn.com/sol3/Delivery.cfm/6165626.pdf?abstractid=6165626
warn	403	https://papers.ssrn.com/sol3/papers.cfm?abstract_id=6165626
ok	200	https://patents.google.com/patent/US10516644/en
ok	200	https://patents.google.com/patent/US12229804B2/en
ok	200	https://patents.google.com/patent/US12536414B2/en
ok	200	https://patents.google.com/patent/US20260073428A1/en
ok	200	https://prim.rbc.ru/prim/12/02/2026/698d79189a7947ffe922a0ef
ok	200	https://proglib.io/p/ispolzovanie-globalnoy-kontrolnoy-gruppy-na-praktike-tonkosti-nyuansy-podvodnye-kamni-2024-04-04
ok	200	https://relationshipone.com/blog/platform-migration-playbook-oracle-eloqua-to-braze/
ok	200	https://rev.games/blog/kak-evalar-i-fitomarket-podnyali-dolyu-crm-v-vyruchke-do-22-i-32-obedinenie-baz-
warn	000	https://rkn.gov.ru/press/news/news74777.htm
warn	403	https://s203.q4cdn.com/277576744/files/doc_financials/2027/q1/BRZE-USQ_Transcript_2026-05-27.pdf
ok	200	https://segmentfault.com/a/1190000040323153
ok	200	https://sms.ru/price
ok	200	https://sms.ru/price/megafon
ok	200	https://smsc.ru/tariffs/
ok	200	https://sovetreklama.org/2025/09/zakon-zapreshhaet-rasprostranenie-reklamy-po-setjam-jelektrosvjazi-bez-poluchenija-predvaritelnogo-soglasija-abonenta/
ok	200	https://sudact.ru/law/federalnyi-zakon-ot-07072003-n-126-fz-s/glava-7/statia-44.1/
ok	браузер	https://support.iterable.com/hc/en-us/articles/13102589168916-Channel-Optimization
ok	браузер	https://support.iterable.com/hc/en-us/articles/7412316462996-Optimizing-Campaign-Delivery
ok	200	https://support.optimizely.com/hc/en-us/articles/34053132157965-Understand-your-Experiment-Scorecard
ok	200	https://support.optimizely.com/hc/en-us/articles/38941939408269-Global-holdout-groups-in-Feature-Experimentation
ok	200	https://t.me/crmcjmfm/711
ok	200	https://t.me/crmlove/378
ok	200	https://t.me/loytalk/69
ok	200	https://t.me/retention_marketing/216
ok	200	https://t.me/s/crmcjmfm
ok	200	https://t.me/s/matemarketing_official
ok	200	https://t.me/s/vforvalue
ok	200	https://t.me/vforvalue/11
ok	200	https://t.me/vforvalue/18
ok	браузер	https://tech.instacart.com/bandits-for-marketing-optimization-f5a63b9bfaa7
ok	браузер	https://tech.instacart.com/instacarts-economics-team-using-surrogate-indices-to-estimate-long-run-heterogeneous-treatment-0bf7bc96c6e6
ok	200	https://trailhead.salesforce.com/content/learn/modules/einstein-send-time-and-frequency-optimization/send-messages-at-the-right-time-1
ok	200	https://vc.ru/marketing/2977502-kak-perekrestok-uvelichil-ebitda-cherez-crm-marketing
warn	405	https://vkpns.rustore.ru/v1/projects/$project_id/messages:send
ok	200	https://www.airship.com/docs/guides/features/orchestration-experimentation/channel-coordination/
warn	403	https://www.bcg.com/publications/2026/the-four-gaps-in-next-best-action-programs
ok	200	https://www.braze.com/docs/user_guide/brazeai/intelligence_suite/intelligent_timing
ok	200	https://www.braze.com/resources/articles/amplifying-marketing-impact-how-braze-supports-migration-excellence
ok	200	https://www.cnews.ru/news/line/2024-09-18_finuslugi_v_partnerstve
ok	200	https://www.cnews.ru/news/line/2025-05-21_bank_hlynov_sovmestno
ok	200	https://www.cnews.ru/news/line/2025-09-11_gruppa_lenta_i_glowbyte_vnedrili
ok	200	https://www.consultant.ru/document/cons_doc_LAW_279111/
ok	200	https://www.consultant.ru/document/cons_doc_LAW_34661/1f421640c6775ff67079ebde06a7d2f6d17b96db/
ok	200	https://www.consultant.ru/document/cons_doc_LAW_34661/2d50fc1c4013ea9ab20b8b2666c1650b1dc4c982/
ok	200	https://www.consultant.ru/document/cons_doc_LAW_418000/
ok	200	https://www.consultant.ru/document/cons_doc_LAW_43224/7caf446de1e18caa61180692ea35572c94080475/
ok	200	https://www.consultant.ru/document/cons_doc_LAW_43224/b5a11e1f308ded9f4b94bf885bcf76ed577f9576/
ok	200	https://www.consultant.ru/document/cons_doc_LAW_482014/d54cdfade7a7dd1f49306a747e3204aa24f7ab41/
ok	200	https://www.consultant.ru/document/cons_doc_LAW_502182/d2b836d3c8dd8e97e891b09dcc015cc335a67b6f/
ok	200	https://www.consultant.ru/document/cons_doc_LAW_58968/f892dec1383709792452f18d36e7043306e2be0a/
ok	200	https://www.consultant.ru/document/cons_doc_LAW_61801/6c94959bc017ac80140621762d2ac59f6006b08c/
ok	200	https://www.consultant.ru/law/podborki/reklama_bez_soglasiya/
ok	200	https://www.fool.com/earnings/call-transcripts/2026/09/09/braze-brze-q2-2027-earnings-call-transcript/
ok	200	https://www.garant.ru/products/ipo/prime/doc/407772345/
ok	200	https://www.garant.ru/products/ipo/prime/doc/412324200/
ok	200	https://www.gazprombank.tech/blog/1092/
ok	200	https://www.geteppo.com/blog/holdouts-measuring-experiment-impact-accurately
ok	200	https://www.geteppo.com/blog/rethinking-measuring-experimental-impact
ok	200	https://www.growthbook.io/blog/holdouts-deep-dive
ok	200	https://www.interfax.ru/digital/1064541
ok	200	https://www.interfax.ru/russia/1054011
ok	200	https://www.it-world.ru/cionews/3xxc6hkh27ms0wkgwgskocgws040kc4.html
ok	200	https://www.kommersant.ru/doc/8140567
ok	200	https://www.magnit.com/upload/iblock/fd7/vcyltyz1s5yttt1dl1hn08nza0663ujq/MAGNIT_AR_2025.pdf
ok	200	https://www.mailgun.com/resources/case-studies/scribd-partners-with-iterable-and-mailgun/
warn	000	https://www.mckinsey.com/capabilities/growth-marketing-and-sales/our-insights/no-customer-left-behind
ok	200	https://www.mo4tech.com/practice-of-multi-service-modeling-in-meituan-search-sorting.html
ok	200	https://www.moengage.com/casestudy/azadea-group-omnichannel-approach-case-study/
ok	200	https://www.moengage.com/casestudy/future-retail-case-study/
ok	200	https://www.moengage.com/casestudy/loblaw-transactional-messaging-case-study/
ok	200	https://www.moengage.com/casestudy/moneyhero-scale-engagement/
ok	200	https://www.pega.com/customers/natwest-unlocks-customer-decision-hub
ok	200	https://www.pega.com/insights/resources/pegaworld-2025-contextualizing-customer-experience-bringing-together-power-cdh
ok	200	https://www.pega.com/insights/resources/pegaworld-2025-shifting-high-gear-citibanks-path-scalable-high-powered-marketing
ok	200	https://www.pega.com/insights/resources/pegaworld-inspire-2024-engage-your-organization-deliver-incredible-business
ok	200	https://www.pega.com/insights/resources/pegaworld-inspire-2024-natwest-makes-leap-next-best-experiences
warn	401	https://www.rbc.ru/technology_and_media/10/02/2026/698afe729a79470c08a17b91
warn	403	https://www.researchgate.net/publication/351932011_Mobile_apps_in_retail_Effect_of_push_notification_frequency_on_app_user_behavior
warn	000	https://www.rshb.ru/news/06082026_000001
ok	200	https://www.rustore.ru/help/en/sdk/push-notifications/kotlin-java/2-1-1
ok	200	https://www.rustore.ru/help/en/sdk/push-notifications/send-push-notifications
ok	200	https://www.salesforceben.com/einstein-engagement-frequency-marketing-cloud-and-account-engagement-pardot/
warn	403	https://www.sciencedirect.com/science/article/pii/S0167811621000082
ok	200	https://www.sostav.ru/blogs/286455/75101
ok	200	https://www.statsig.com/blog/getting-in-on-holdouts
ok	200	https://www.statsig.com/blog/what-are-guardrail-metrics-in-ab-tests
ok	200	https://www.statsig.com/updates/update/metric-alerts
ok	200	https://www.svoboda.org/a/roskomnadzor-pochti-polnostjyu-zamedlil-rabotu-telegram/33716478.html
bad	404	https://www.tadviser.ru/index.php/%D0%9F%D1%80%D0%BE%D0%B5%D0%BA%D1%82:%D0%9B%D0%B5%D0%BD%D1%82%D0%B0_%D0%A1%D0%B5%D1%82%D1%8C_%D1%80%D0%BE%D0%B7%D0%BD%D0%B8%D1%87%D0%BD%D0%BE%D0%B9_%D1%82%D0%BE%D1%80%D0%B3%D0%BE%D0%B2%D0%BB%D0%B8_(Data_Sapience:_CM_Ocean
bad	404	https://www.tadviser.ru/index.php/Проект:Лента_Сеть_розничной_торговли_(Data_Sapience:_CM_Ocean
ok	200	https://www.unisender.com/ru/blog/bazovye-metriki/
ok	200	https://www.vedomosti.ru/press_releases/2026/08/06/rosselhozbank-zavershil-proekt-po-sozdaniyu-sistemi-upravleniya-tsennostyu-klienta-dlya-yuridicheskih-lits-na-baze-platformi-cm-ocean-vendora-data-sapience-sovmestno-s-glowbyte
ok	200	https://yandex.ru/support/yandex-360/customers/mail/ru/web/letter/create/troubleshooting
