blocked	https://bytes.swiggy.com/smart-push-notifications-multi-armed-bandits-at-swiggy-part-4-f5698f2af0a6
exists	https://careersatdoordash.com/blog/doordash-customize-notifications-how-gnn-work/
exists	https://careersatdoordash.com/blog/experiment-faster-and-with-less-effort/
blocked	https://companies.rbc.ru/news/88FdgpaEFy/rshb-vnedril-platformu-avtomatizatsii-marketinga-cm-ocean-ot-data-sapience/
exists	https://medium.com/airbnb-engineering/journey-platform-a-low-code-tool-for-creating-interactive-user-workflows-9954f51fa3f8
exists	https://medium.com/data-monzo/optimising-marketing-messages-for-monzo-users-3fe805f24572
exists	https://medium.com/gojekengineering/behind-the-screens-the-evolution-of-gojeks-user-communications-63eb6f81acdb
exists	https://medium.com/pinterest-engineering/identify-user-journeys-at-pinterest-b517f6275b42
exists	https://medium.com/pinterest-engineering/nep-notification-system-and-relevance-a7fff21986c7
exists	https://medium.com/swiggy-bytes/decoding-customer-value-pltv-models-for-indias-quick-commerce-delivery-wars-part-1-d01a3e6015ba
exists	https://netflixtechblog.medium.com/thinking-fast-slow-for-a-personalized-notification-system-4d89b26525cd
exists	https://tech.instacart.com/scaling-personalized-marketing-for-multi-tenant-commerce-platforms-816f0c6a046b
exists	https://uber.com/blog/enhancing-personalized-crm
blocked	https://www.builtinnyc.com/job/product-manager-messaging-platform-tooling/6767233
blocked	https://www.sberbank.ru/ru/sberpress/all/article?blockID=1303&lang=ru&newsID=7706b0f6-97fe-438a-ab46-b99ea335e480&regionID=64
exists	https://www.stocktitan.net/news/BRZE/braze-announces-2026-torchie-award-winners-recognizing-the-marketers-a5xzs1pjgc4u.html
exists	https://www.uber.com/blog/personalized-marketing-at-scale/
exists	https://www.uber.com/us/en/blog/how-uber-optimizes-push-notifications-using-ml/
exists	https://www.uber.com/us/en/blog/solving-multiple-knapsack/
exists	https://academy.pega.com/challenge/prioritizing-actions-business-levers/v4
exists	https://academy.pega.com/sites/default/files/media/documents/2024-10/MIS26306-8-EN-StudentGuide.pdf
exists	https://academy.pega.com/topic/action-arbitration/v3
exists	https://academy.pega.com/topic/exploring-next-best-action-decisions/v2/in/90016
exists	https://academy.pega.com/topic/governance-best-practices/v1
missing	https://docs-previous.pega.com/pega-customer-decision-hub-user-guide/85/applying-context-weighting
exists	https://martech.org/10-lessons-from-real-world-esp-migrations/
exists	https://medium.com/@thaniathnainkh/beyond-the-banner-building-a-high-performance-ad-system-from-scratch-f8c37c4d08ba
exists	https://medium.com/myntra-engineering/myntra-store-federated-architecture-part-1-automatic-layout-widget-reordering-c8c68f7ddea9
exists	https://medium.com/pinterest-engineering/how-holdout-groups-drive-sustainable-growth-35a4786c3801
exists	https://mindbox.ru/journal/cases/na-polke-research/
exists	https://mindbox.ru/journal/education/blokirovka-whatsapp-i-telegram/
exists	https://mindbox.ru/journal/education/incrementality-marketing/
exists	https://mindbox.ru/journal/education/rassylka-yandex-mail-gmail/
exists	https://support.iterable.com/hc/en-us/articles/15342990564372-Frequency-Management
exists	https://support.iterable.com/hc/en-us/articles/28145709731348-Frequency-Optimization
exists	https://www.businessofapps.com/marketplace/push-notifications/research/push-notifications-statistics/
exists	https://www.mobiloud.com/blog/push-notification-statistics
blocked	https://bytes.swiggy.com/kabootar-swiggys-communication-platform-e5a43cc25629
missing	https://careersatdoordash.com/jobs/manager-lifecycle-marketing/7343039/
exists	https://medium.com/@aveggiani/2026-field-notes-on-customer-engagement-platforms-part-4-adobe-journey-optimizer-280a4f538279
exists	https://medium.com/dreamlockerroom/personalisation-at-scale-dream11s-journey-to-redefine-user-experience-edc9e89f42f9
exists	https://medium.com/mercadolibre-tech/how-we-design-our-push-notifications-strategy-so-that-customers-interact-with-our-product-fda8a3c4be01
exists	https://medium.com/pinterest-engineering/user-state-based-notification-volume-optimization-7764118f73ff
exists	https://startup.jobs/crm-manager-monzo-3043093
exists	https://workopia.io/jobs/f759cde2ffedd3090fec233a857174fa
blocked	https://www.builtinnyc.com/job/engineering-manager-messaging-platform-tooling/9012479
blocked	https://www.builtinnyc.com/job/senior-product-manager-social-growth/8492791
blocked	https://www.builtinnyc.com/job/staff-software-engineer-marketing-technology-orchestration/6259078
blocked	https://www.businesswire.com/news/home/20250225215027/en/Braze-Global-Customer-Engagement-Review-Reveals-Key-Trends-for-2025-to-Help-Brands-Build-Stronger-Customer-Connections
blocked	https://www.emarketer.com/content/faq-on-incrementality-how-prove-your-ads-actually-work-2026
exists	https://www.gartner.com/en/documents/7071298
exists	https://www.mckinsey.com/capabilities/growth-marketing-and-sales/our-insights/unlocking-the-next-frontier-of-personalized-marketing
missing	https://www.uber.com/global/en/careers/list/145655/
exists	https://academy.pega.com/topic/action-prioritization-ai/v4/in/51721
exists	https://academy.pega.com/topic/exploring-next-best-action-decisions/v1
exists	https://booking.ai/a-recap-of-the-2025-experimentation-conference-at-booking-com-1010acbde2c4
exists	https://careersatdoordash.com/blog/adapted-switch-back-testing-to-quantify-incrementality-for-app-marketplace-search-ads/
exists	https://www.uber.com/hk/en/blog/solving-multiple-knapsack/
