403	https://academy.pega.com/challenge/prioritizing-actions-business-levers/v4
403	https://academy.pega.com/sites/default/files/media/documents/2024-10/MIS26306-8-EN-StudentGuide.pdf
403	https://academy.pega.com/topic/action-arbitration/v3
403	https://academy.pega.com/topic/action-prioritization-ai/v4/in/51721
403	https://academy.pega.com/topic/exploring-next-best-action-decisions/v1
403	https://academy.pega.com/topic/exploring-next-best-action-decisions/v2/in/90016
403	https://academy.pega.com/topic/governance-best-practices/v1
200	https://adpass.ru/x5-media-dobavil-tsar-banner-v-prilozhenii-pyatyorochki/
200	https://altcraft.com/ru/blog/globalnye-kontrolnye-gruppy-teoriya-i-praktika
200	https://arxiv.org/abs/2604.08621
200	https://arxiv.org/html/2311.11922
200	https://arxiv.org/html/2509.02458v1
200	https://arxiv.org/pdf/2405.10490
200	https://arxiv.org/pdf/2509.02458
200	https://arxiv.org/pdf/2608.01949
200	https://arxiv.org/pdf/2608.08043
200	https://blog.albato.ru/whatsapp-dlya-biznesa-2026-blokirovka-alternativy/
403	https://booking.ai/a-recap-of-the-2025-experimentation-conference-at-booking-com-1010acbde2c4
403	https://careersatdoordash.com/blog/adapted-switch-back-testing-to-quantify-incrementality-for-app-marketplace-search-ads/
200	https://cio.osp.ru/articles/010324-Domru-rabota-s-klientami-bez-kovrovyh-rassylok
200	https://clientcore.ru/blog/articles/inkrementalnost-rassylok-kak-ponyat-skolko-vyruchki-prinosit-imenno-crm
200	https://confidence.spotify.com/glossary/holdout-group
200	https://crmknowledgebase.com/measurement/holdouts-and-control-groups
200	https://datainnovation.io/en/esp-migration-guide-in-practice-lessons-from-high-volume-senders/
200	https://developers.mindbox.ru/docs/rustore-send-push-notifications
403	https://docs-previous.pega.com/pega-customer-decision-hub-user-guide/85/applying-context-weighting
200	https://docs-pulse.edna.ru/docs/channel/push/channel-push-rustore
200	https://docs.airship.com/guides/messaging/messages/delivery/delivery-options/
200	https://docs.airship.com/guides/messaging/project/config/message-limits/
200	https://docs.airship.com/guides/messaging/user-guide/project/config/channel-priority/
200	https://docs.clevertap.com/docs/messaging-frequency-caps
200	https://docs.statsig.com/experiments/holdouts-introduction
200	https://experienceleague.adobe.com/en/docs/journey-optimizer/using/conflict-prioritization/capping-rules/capping-rules-landing-page
200	https://experienceleague.adobe.com/en/docs/journey-optimizer/using/conflict-prioritization/gs-conflict-prioritization
200	https://experienceleague.adobe.com/en/docs/journey-optimizer/using/conflict-prioritization/journey-arbitration/journey-ai-models
200	https://experienceleague.adobe.com/en/docs/journey-optimizer/using/conflict-prioritization/priority-scores
200	https://experienceleague.adobe.com/en/docs/journey-optimizer/using/decisioning/offer-decisioning/create-manage-activities/configure-offer-selection
200	https://github.com/golyakoff/ago-root/issues/1559
200	https://growth.airship.com/rs/313-QPJ-195/images/Airship-2025-Push-Notification-Benchmarks-EN.pdf?version=0
200	https://habr.com/ru/companies/X5Tech/articles/780270/
200	https://habr.com/ru/companies/X5Tech/articles/826488/
200	https://habr.com/ru/companies/click/articles/955480/
200	https://habr.com/ru/companies/glowbyte/articles/675696/
200	https://habr.com/ru/companies/multifactor/articles/978402/
200	https://help.klaviyo.com/hc/en-us/articles/18138290642971
200	https://help.klaviyo.com/hc/en-us/articles/18378819907995
200	https://help.mail.ru/developers/mailing_rules/general/
404	https://help.moengage.com/hc/en-us/articles/15919660670356-Frequency-capping
200	https://jinaseong.webflow.io/banner-system
200	https://kod.ru/marketingovy-optimizator-gazprombank
200	https://kokocgroup.ru/blog/kak-ustroen-crm-marketing-v-telekome-interviu
200	https://lacuna.tiptreesystems.com/work/large-scale-notification-dispatch-with-bundle-treatments-and-multi-outcome/wrk_1b0f262270cd77fc3bda76389dcacd4a
200	https://latinia.com/en/resources/how-to-prevent-push-notification-fatigue-in-banking
200	https://mailfit.com/blog/kak-my-razrabotali-kontaktnuyu-politiku-dlya-krupnogo-media
200	https://mailfit.com/blog/kommunikacionnaya-strategiya-i-politika
200	https://mailflowauthority.com/email-deliverability/esp-migration-playbook
403	https://martech.org/10-lessons-from-real-world-esp-migrations/
403	https://medium.com/@thaniathnainkh/beyond-the-banner-building-a-high-performance-ad-system-from-scratch-f8c37c4d08ba
403	https://medium.com/myntra-engineering/myntra-store-federated-architecture-part-1-automatic-layout-widget-reordering-c8c68f7ddea9
403	https://medium.com/pinterest-engineering/how-holdout-groups-drive-sustainable-growth-35a4786c3801
503	https://mindbox.ru/journal/cases/na-polke-research/
503	https://mindbox.ru/journal/education/blokirovka-whatsapp-i-telegram/
503	https://mindbox.ru/journal/education/incrementality-marketing/
503	https://mindbox.ru/journal/education/rassylka-yandex-mail-gmail/
200	https://new-retail.ru/business/keysy/kak_pereyti_na_novuyu_crm_platformu_za_2_dnya_pered_chyernoy_pyatnitsey_i_poluchit_ctr_5_7/
200	https://onesignal.com/blog/the-2026-state-of-customer-engagement-report-is-here/
200	https://osp.ru/articles/2026/0407/13060670
200	https://outofcloud.ru/cases/inkrementalnaya-vyruchka-5-za-god-dlya-perekryostok-vprok
200	https://phiture.com/mobilegrowthstack/create-a-scalable-prioritization-process-with-the-krrfc-framework/
200	https://ppc.land/youtube-ends-push-notifications-for-inactive-subscribers-in-new-rollout/
200	https://ppt.ru/columns/rosco/novyy-zakon-protiv-spama-chto-dolzhen-srochno-sdelat-biznes
200	https://retailrocket.ru/blog/tolko-po-soglasiju-kak-otpravljat-klientam-reklamnye-rassylki-i-ne-poluchit-shtraf/
200	https://sellforte.com/blog/asked-by-marketers/incrementality-test-holdout-group-size
200	https://senders.yahooinc.com/best-practices/
200	https://sites.ualberta.ca/~dniu/Homepage/Publications_files/Online_Volume_Optimization_for_Notifications_via_Long_Short_Term_Value_Modeling.pdf
200	https://softadvisor.ru/lifehacks/max-vmesto-telegram-v-2026-godu
200	https://sovetreklama.org/2026/05/rassylka-reklamy-bez-soglasija-adresata-vedjot-k-shtrafu/
200	https://support.google.com/a/answer/81126
403	https://support.iterable.com/hc/en-us/articles/15342990564372-Frequency-Management
403	https://support.iterable.com/hc/en-us/articles/28145709731348-Frequency-Optimization
200	https://telegra.ph/Kak-my-zatashchili-personalnuyu-lentu-na-glavnyj-ehkran-mobilnogo-banka-i-povysili-metriki-v-3-raza-04-13
200	https://umbrex.com/resources/frameworks/marketing-frameworks/centralized-vs-decentralized-vs-hybrid-marketing-structure-framework/
200	https://umbrex.com/resources/frameworks/marketing-frameworks/global-regional-local-marketing-operating-model/
200	https://umbrex.com/resources/frameworks/marketing-frameworks/marketing-center-of-excellence-coe-model/
200	https://umbrex.com/resources/retail-industry-playbooks/retail-crm-lifecycle-marketing-playbook/operating-model-technology-governance-and-compliance/
200	https://unisender.com/ru/blog/sovety/kak-zhit-s-novym-zakonom-o-markirovke-reklamy
200	https://vc.ru/legal/1885090-markirovka-reklamy-2025-gayd-i-chek-list
200	https://vc.ru/marketing/2224718-kak-izbezhat-spama-dlya-klientov
200	https://vc.ru/marketing/2280437-sms-rassylki-v-rossii-novye-pravila
200	https://www.androidauthority.com/android-16-notification-cooldown-3501276/
200	https://www.bitrix24.ru/journal/blokirovka-telegram/
200	https://www.braze.com/customers/central-retail-case-study
200	https://www.braze.com/docs/developer_guide/banners/placements
200	https://www.braze.com/docs/user_guide/messaging/messaging_fundamentals/frequency_capping
200	https://www.braze.com/docs/user_guide/messaging/messaging_fundamentals/message_prioritization
200	https://www.braze.com/docs/user_guide/messaging/messaging_fundamentals/message_prioritization/faq
200	https://www.braze.com/resources/articles/4-best-practices-braze-onboarding-integration
000	https://www.businessofapps.com/marketplace/push-notifications/research/push-notifications-statistics/
200	https://www.calltouch.ru/blog/kak-sdelat-massovuyu-rassylku-pisem-v-yandeks-pochte-podrobnoe-rukovodstvo/
200	https://www.forus.ru/about/news/markirovat-reklamu-v-emailrassylkakh/
200	https://www.garant.ru/news/1850806/
200	https://www.gmass.co/blog/gmail-bulk-sender-guidelines/
200	https://www.goshdigital.co/blog/klaviyo-benchmarks-by-industry
200	https://www.johntbrown.org/post/lifecycle-operating-model-ownership
200	https://www.klerk.ru/blogs/fedresurs/663937/
200	https://www.klerk.ru/buh/articles/656058/
200	https://www.klerk.ru/cdoc/view/3b8e926083fc0bd01959f782189eeea9/stata-9-soglasie-subekta-personalnyh-dannyh-na-obrabotku-ego-personalnyh-dannyh/
200	https://www.mailneo.co/benchmarks
200	https://www.mailsoar.com/email-deliverability-issues/esp-migration/
403	https://www.mobiloud.com/blog/push-notification-statistics
200	https://www.moengage.com/blog/iterable-competitors/
200	https://www.moengage.com/casestudy/soundcloud-migration-story/
200	https://www.moengage.com/docs/user-guide/settings/channels/delivery-controls/message-queuing
200	https://www.pushengage.com/android-notification-cooldown/
200	https://www.pushwoosh.com/blog/push-notification-benchmarks/
200	https://www.socialmediatoday.com/news/youtube-tests-update-channel-notification-frequency/743645/
200	https://www.sostav.ru/blogs/275971/69568
200	https://www.trendingmediabuzz.com/marketing/push-notification-opt-in-rate/
406	https://www.uber.com/hk/en/blog/solving-multiple-knapsack/
200	https://yandex.ru/blog/mail/15382
200	https://yandex.ru/support/yandex-360/customers/mail/ru/web/letter/create/send-many-letters
200	https://zane.marketing/consent-frequency-capping-message-fatigue-india/
