200	https://a3-agency.ru/blog/tpost/38m2ozk281-segmenti-pokupatelei-intellektualnii-crm
200	https://adindex.ru/publication/interviews/marketing/2025/05/5/333267.phtml
200	https://ai-russia.ru/library/sber-icp
200	https://auditorium-cg.ru/fincrm25
200	https://avito.tech/content/ig9jmoy1t1-kak-s-pomoschyu-dorabotki-rfm-sdelat-crm
200	https://blog.bytebytego.com/p/how-reddit-delivers-notifications
200	https://blog.duolingo.com/hi-its-duo-the-ai-behind-the-meme/
200	https://building.nubank.com/from-feature-to-platform-how-nubank-reinvented-its-conversation-architecture/
200	https://building.nubank.com/how-nubank-uses-spark-to-process-data/
200	https://building.nubank.com/smarter-banking-how-intelligent-suggestions-in-the-nubank-app-empower-customers/
200	https://builtin.com/job/director-crm/4687095
200	https://builtin.com/job/lead-product-manager-notifications/3578682
200	https://builtin.com/job/team-lead-crm-tech-all-genders/4135753
000	https://bytes.swiggy.com/kabootar-swiggys-communication-platform-e5a43cc25629
000	https://bytes.swiggy.com/smart-push-notifications-multi-armed-bandits-at-swiggy-part-4-f5698f2af0a6
200	https://career.avito.com/teams/communication-products/
403	https://careersatdoordash.com/blog/doordash-customize-notifications-how-gnn-work/
403	https://careersatdoordash.com/blog/experiment-faster-and-with-less-effort/
403	https://careersatdoordash.com/jobs/manager-lifecycle-marketing/7343039/
200	https://cio.osp.ru/articles/040324-Magnit-maximizatsiya-tsennosti-klientov
200	https://cio.osp.ru/articles/061222-Platforma-prognozirovaniya-X5-ot-planirovaniya-prodazh-do-kontrolya-polok
200	https://cio.osp.ru/articles/110423-Sber-personalnye-predlozheniya-na-importonezavisimoy-platforme
401	https://companies.rbc.ru/news/88FdgpaEFy/rshb-vnedril-platformu-avtomatizatsii-marketinga-cm-ocean-ot-data-sapience/
200	https://crmknowledgebase.com/measurement/holdouts-and-control-groups
200	https://cxdp.ru/blog/dmitriy-shelepov/
200	https://cxdp.ru/blog/karina-kuzmina/
200	https://cxdp.ru/blog/maksim-shagdarov/
200	https://cxdp.ru/blog/v-onlayn-obrazovanii-budushchee-za-kachestvom-appolinariya-filippova-skyeng/
200	https://ddream11.com/blog/breaking-limits-ab-testing-ai-powered-causal-inference
200	https://digitalbusiness.kz/2025-04-17/ai-dlya-rezultata-a-ne-radi-haypa-bolshoe-intervyu-s-cdo-banka-tsentrkredit-rubinoy-lozovoy/
200	https://digitalbusiness.kz/2026-01-05/ot-offerov-do-dokumentooborota-kak-halyk-vnedryaet-ii/
200	https://dirservice.ru/intervju-s-jekspertom-anton-karelin-vkusvill/
200	https://emailmatrix.ru/blog/case-5d-personalization/
200	https://engineering.atspotify.com/2023/06/experimenting-with-machine-learning-to-target-in-app-messaging
200	https://engineering.atspotify.com/2026/1/why-we-use-separate-tech-stacks-for-personalization-and-experimentation
200	https://engineering.fb.com/2022/10/31/ml-applications/instagram-notification-management-machine-learning/
200	https://engineering.fb.com/2025/09/02/ml-applications/a-new-ranking-framework-for-better-notification-quality-on-instagram/
200	https://engineering.grab.com/cdp-scenarios
200	https://engineering.grab.com/frequency-capping
200	https://engineering.grab.com/supporting-large-campaigns-at-scale
200	https://engineering.grab.com/the-creation-of-our-powerful-campaign-builder
200	https://engineering.grab.com/trident-real-time-event-processing-at-scale
200	https://exa.ai/library/publication/h4vlvzbyy2k
200	https://facancy.ru/vacancies/rukovoditel-crm-marketinga-mezhdunarodnoe-napravlenie-v-iandeks-edu
200	https://forbes.kz/articles/evolyutsiya-bankov-kak-strategiya-cvm-menyaet-situatsiyu-na-rynke-cf5e86
200	https://forge.braze.com/2026/session-catalog
200	https://forge.braze.com/2026/session-catalog?package_id=104722%3Fi%3D
200	https://forpes.ru/post/179923
200	https://freehire.me/jobs/vedushchii-prodakt-menedzher-platformy-kommunikatsii-avito-s-pol-zovateliami-crm-avito-rw6vfnrl
200	https://getmatch.ru/vacancies/15358-rukovoditel-gruppy-razrabotki-platforma-kommunikatsii
200	https://habr.com/ru/articles/1079904/
200	https://habr.com/ru/companies/avito/articles/838722/
200	https://habr.com/ru/companies/avito/articles/875012/
200	https://habr.com/ru/companies/avito/articles/918634/
200	https://habr.com/ru/companies/beeline_tech/articles/792618/
200	https://habr.com/ru/companies/beeline_tech/articles/915778/
200	https://habr.com/ru/companies/glowbyte/articles/724296/
200	https://habr.com/ru/companies/kuper/articles/894282/
200	https://habr.com/ru/companies/magnit/articles/964914/
200	https://habr.com/ru/companies/megafon/articles/1061012/
200	https://habr.com/ru/companies/megafon/articles/773722/
200	https://habr.com/ru/companies/sberbank/articles/890262/
200	https://habr.com/ru/companies/stoloto/articles/930828/
200	https://habr.com/ru/companies/tbank/articles/832580/
200	https://habr.com/ru/companies/tbank/articles/838148/
200	https://habr.com/ru/companies/vk/articles/902056/
200	https://hh.ru/vacancy/122390144
200	https://highload.ru/moscow/2025/abstracts/16572
200	https://inpractise.com/articles/braze-shift-from-legacy-marketing-cloud
200	https://insights.massiverocket.com/migrating-from-salesforce-marketing-cloud-sfmc-to-braze/
200	https://jobs.ashbyhq.com/nubank/d01c1dbc-8802-47b1-9fc5-ee59a280729d
200	https://jobs.generalcatalyst.com/companies/deliveroo/jobs/44754350-crm-executive
200	https://jobs.insightpartners.com/companies/vinted/jobs/59618604-product-manager-braze-crm
404	https://jobs.zalando.com/en/jobs/2723917-Head-of-Revenue-Operations-&-CRM---Platform-Experi
200	https://kazan.careerist.ru/vakansii/crm-marketolog-v-yandeks-brauzer-83213002.html
200	https://lifecycle-leaders.hightouch.com/p/what-30-years-of-running-lifecycle-programs-taught-us-about-building-programs-that-actually-work
200	https://lifecycle-leaders.hightouch.com/p/what-actually-matters-in-lifecycle-marketing-in-2025
200	https://manzanagroup.ru/news/magnit-plyus-na-platforme-manzana-14-k-proniknoveniyu-programmy-loyalnosti-i-dvukratnoe-uvelichenie-dokhodov-ot-cvm/
403	https://medium.com/@aveggiani/2026-field-notes-on-customer-engagement-platforms-part-4-adobe-journey-optimizer-280a4f538279
403	https://medium.com/airbnb-engineering/journey-platform-a-low-code-tool-for-creating-interactive-user-workflows-9954f51fa3f8
403	https://medium.com/data-monzo/optimising-marketing-messages-for-monzo-users-3fe805f24572
403	https://medium.com/dreamlockerroom/personalisation-at-scale-dream11s-journey-to-redefine-user-experience-edc9e89f42f9
403	https://medium.com/gojekengineering/behind-the-screens-the-evolution-of-gojeks-user-communications-63eb6f81acdb
403	https://medium.com/mercadolibre-tech/how-we-design-our-push-notifications-strategy-so-that-customers-interact-with-our-product-fda8a3c4be01
403	https://medium.com/pinterest-engineering/identify-user-journeys-at-pinterest-b517f6275b42
403	https://medium.com/pinterest-engineering/nep-notification-system-and-relevance-a7fff21986c7
403	https://medium.com/pinterest-engineering/user-state-based-notification-volume-optimization-7764118f73ff
403	https://medium.com/swiggy-bytes/decoding-customer-value-pltv-models-for-indias-quick-commerce-delivery-wars-part-1-d01a3e6015ba
200	https://mindbox.ru/journal/cases/kuper/
200	https://mindbox.ru/journal/experts/kuper-analitika/
200	https://minders.io/como-hizo-rappi-para-reactivar-usuarios-inactivos-y-aumentar-las-compras-con-whatsapp-2/
200	https://monzo.com/blog/2023/10/12/protecting-our-platform-from-spikes-in-usage-by-reducing-load-from-the-monzo
200	https://monzo.com/blog/beyond-the-last-click-how-monzo-measures-crms-true-impact
200	https://nbp.nbj.ru/files/nbp2024/alfa-bank-digital-trasform.pdf
403	https://netflixtechblog.medium.com/thinking-fast-slow-for-a-personalized-notification-system-4d89b26525cd
200	https://nota.tech/presscenter/news/vtb-perekhodit-na-rossiyskuyu-sistemu-vzaimodeystviya-s-klientami
200	https://oborot.ru/news/ozon-zapustil-crm-servis-dlya-prodavcov-s-funkciej-rassylok-chto-eshhe-on-umeet-i244038.html
200	https://phiture.com/mobilegrowthstack/why-your-crm-activities-might-belong-with-the-product-team/
200	https://productmarketer.substack.com/p/inside-revolut-product-marketing
200	https://relationshipone.com/blog/migrating-to-braze-migration-process/
200	https://saasmarket.ru/blog/news/yandeks-market-rasshiryaet-vozmozhnosti-prodavcam-dostupna-samostoyatelnaya-otpravka-push-uvedomleniy
404	https://scalestack.ai/jobboard/jobs/crm-manager-loyalty-all-genders-at-zalando-61bn03
200	https://sharechat.com/blogs/engineering/how-we-built-notification-rate-limiter-for-eight-billion-notifications-per-day-for-400-million
403	https://startup.jobs/crm-manager-monzo-3043093
200	https://tapcxm.com/success-stories/ballys/
200	https://tech.ifood.com.br/engenharia/faster-a-plataforma-de-engenharia-que-acelera-a-evolucao-dos-produtos-do-ifood/
200	https://tech.ifood.com.br/sem-categoria/how-ifoods-generative-ai-connects-personalization-and-communication-through-rigorous-engineering-patterns-to-scale-unique-user-experiences/
200	https://tech.ifood.com.br/sem-categoria/smart-rollout-como-o-ifood-utiliza-machine-learning-para-otimizar-estrategias-de-marketing/
403	https://tech.instacart.com/scaling-personalized-marketing-for-multi-tenant-commerce-platforms-816f0c6a046b
200	https://techfuture.ru/archive/materials/dmitrij-chernecov-personalizaciya-v-dejstvii-ehvolyuciya-klientskogo-opyta-v-kh5-group.pdf
200	https://thebench.jobs/jobs/head-of-lifecycle-marketing-at-revolut
200	https://treble.ai/blog/como-rappipay-reinvento-su-comunicacion-con-treble/
406	https://uber.com/blog/enhancing-personalized-crm
200	https://umbrex.com/resources/retail-industry-playbooks/retail-crm-lifecycle-marketing-playbook/measurement-testing-and-crm-performance-management/
200	https://vc.ru/ai/1865035-kak-personalizirovat-35-mlrd-soobshenii-v-mesyac-s-pomoshyu-neirosetei-i-uvelichit-prodazhi-do-40
200	https://vc.ru/life/1239001-istoriya-zapuska-push-uvedomlenii-v-e-commerce
200	https://vc.ru/marketing/2855059-kak-dodo-pizza-ispolzuet-rassylki-vkontakte
403	https://workopia.io/jobs/f759cde2ffedd3090fec233a857174fa
200	https://www.5x10.ru/journal-post/chto-takoe-cdp-i-kak-platformu-vnedryali-v-skyeng
200	https://www.braze.com/customers/central-retail-case-study
200	https://www.braze.com/customers/deliveroo-looker-currents
200	https://www.braze.com/customers/dutch-bros-case-study
200	https://www.braze.com/customers/glovo-case-study
200	https://www.braze.com/customers/papa-johns-uk
200	https://www.braze.com/press-releases/the-2026-braze-customer-engagement-review-ai-innovation-meets-the-trust-plateau
200	https://www.braze.com/resources/articles/5-ways-yum-brands-is-optimizing-customer-experiences-on-a-global-scale
200	https://www.braze.com/resources/articles/build-vs-buy-zalando
200	https://www.braze.com/resources/articles/dont-set-it-and-forget-it-nestl-purinas-iterative-approach-to-lifecycle-marketing-with-braze
200	https://www.braze.com/resources/articles/key-insights-from-grow-with-braze-melbourne-2026
200	https://www.braze.com/resources/articles/legacy-cloud-migration-to-braze
200	https://www.braze.com/resources/articles/migrating-to-braze-how-to-transition-effortlessly-with-braze-onboarding
200	https://www.braze.com/resources/articles/papa-johns-uk-customer-story
200	https://www.braze.com/resources/articles/retail-customer-engagement-examples
200	https://www.braze.com/resources/articles/using-global-control-groups-to-measure-the-impact-of-customer-engagement
403	https://www.builtinnyc.com/job/engineering-manager-messaging-platform-tooling/9012479
403	https://www.builtinnyc.com/job/product-manager-messaging-platform-tooling/6767233
403	https://www.builtinnyc.com/job/senior-product-manager-social-growth/8492791
403	https://www.builtinnyc.com/job/staff-software-engineer-marketing-technology-orchestration/6259078
000	https://www.businesswire.com/news/home/20250225215027/en/Braze-Global-Customer-Engagement-Review-Reveals-Key-Trends-for-2025-to-Help-Brands-Build-Stronger-Customer-Connections
200	https://www.cnews.ru/news/line/2026-04-15_megafon_razrabotal_platformu
403	https://www.emarketer.com/content/faq-on-incrementality-how-prove-your-ads-actually-work-2026
200	https://www.forbes.ru/brandvoice/533783-kak-povysat-prodazi-cerez-personalizaciu-kejs-paterocki
200	https://www.forbes.ru/tekhnologii/559780-skvoznoj-marsrut-t-bank-zapuskaet-targeting-reklamy-klientam-banka-vo-vnesnih-setah
200	https://www.freelancermap.com/project/crm-backend-engineer-braze
403	https://www.gartner.com/en/documents/7071298
200	https://www.gazprombank.ru/press/7887853/
200	https://www.huzzle.com/jobs/global-crm-marketing-associate-806606
200	https://www.infoq.com/news/2023/10/monzo-app-traffic-shedding/
200	https://www.infoworld.com/article/2260937/scaling-notifications-through-a-platform-approach.html
200	https://www.insidecrm.io/p/new-podcast-episode
200	https://www.insidecrm.io/p/podcast2
200	https://www.klaviyo.com/blog/global-holdout-groups
200	https://www.lennysnewsletter.com/p/behind-the-product-duolingo-streaks
200	https://www.lennysnewsletter.com/p/how-duolingo-builds-product
200	https://www.lennysnewsletter.com/p/how-duolingo-reignited-user-growth
200	https://www.linkedin.com/blog/engineering/messaging-notifications/air-traffic-controller-member-first-notifications-at-linkedin
200	https://www.linkedin.com/jobs/view/regional-crm-operations-manager-at-uber-2220527242
200	https://www.madebyluhan.com/case-studies/messaging-optimization
000	https://www.mckinsey.com/capabilities/growth-marketing-and-sales/our-insights/unlocking-the-next-frontier-of-personalized-marketing
200	https://www.meesho.io/blog/scaling-seamless-communication-how-meesho-powers-10b-messages-daily-with-multi-tenancy
200	https://www.merkle.com/en/work/case-studies/compare-the-market.html
200	https://www.moengage.com/blog/implementation-case-studies-of-brands-that-successfully-migrated-to-moengage/
200	https://www.moengage.com/casestudy/soundcloud-migration-story/
200	https://www.moengage.com/casestudy/the-entertainer-chooses-migrates-45-apps-within-10-weeks-with-moengage/
200	https://www.muttdata.ai/case-study/2024-03-05-sellers-case-study
200	https://www.muttdata.ai/case-study/how-mercadolibre-turned-push-campaigns-into-an-autonomous-ai-growth-engine
200	https://www.muttdata.ai/case-study/mercado-libres-cdp
200	https://www.muttdata.ai/es/case-study/2024-04-23-meli-attribution
200	https://www.osp.ru/articles/2024/0313/13058159
200	https://www.osp.ru/articles/2025/01/13059269
200	https://www.osp.ru/articles/2025/0404/13059387
200	https://www.osp.ru/articles/2026/0325/13060570
200	https://www.pedromonjo.com/2025/03/tiered-holdout-groups.html
200	https://www.retail.ru/interviews/aleksandr-chukhontsev-kh5-group-my-perezapustili-programmu-loyalnosti-s-fokusom-na-trendy-ekonomii-i/
200	https://www.retail.ru/news/lamoda-personalizatsiya-i-bolshie-dannye-prinesli-kompanii-10-dopolnitelnogo-obo-16-sentyabrya-2026-282191/
200	https://www.rokt.com/blog/how-klarna-empowers-25-teams-across-the-organization-with-better-customer-data
200	https://www.salesforce.com/br/blog/marketing-dados-ia/
000	https://www.sberbank.ru/ru/sberpress/all/article?blockID=1303&lang=ru&newsID=7706b0f6-97fe-438a-ab46-b99ea335e480&regionID=64
200	https://www.seonews.ru/events/yandeks-obedinil-upravlenie-uvedomleniyami-ot-vsekh-servisov-v-edinom-tsentre/
200	https://www.simon.ai/blog-posts/measuring-incrementality-crm-marketing
403	https://www.stocktitan.net/news/BRZE/braze-announces-2026-torchie-award-winners-recognizing-the-marketers-a5xzs1pjgc4u.html
404	https://www.themuse.com/jobs/uber/crm-marketing-manager-merchant
404	https://www.themuse.com/jobs/uber/product-operations-manager-personalized-marketing-solutions
406	https://www.uber.com/blog/personalized-marketing-at-scale/
406	https://www.uber.com/global/en/careers/list/145655/
406	https://www.uber.com/us/en/blog/how-uber-optimizes-push-notifications-using-ml/
406	https://www.uber.com/us/en/blog/solving-multiple-knapsack/
200	https://www.vedomosti.ru/press_releases/2026/09/29/gazprombank-sovmestno-s-glowbyte-perevel-kontur-upravleniya-tsennostyu-klientov-na-rossiiskuyu-platformu-cm-ocean-vendora-data-sapience
200	https://www.x5.ru/ru/publication/ot-massovyh-skidok-k-personalizaczii-kak-ritejl-perestraivaet-loyalnost/
200	https://www.x5.ru/ru/publication/x5-peresobiraet-it-blok-i-rasshiryaet-primenenie-robotov/
200	https://yandex.ru/jobs/vacancies/%D1%80%D1%83%D0%BA%D0%BE%D0%B2%D0%BE%D0%B4%D0%B8%D1%82%D0%B5%D0%BB%D1%8C-crm-%D0%B2-%D1%8F%D0%BD%D0%B4%D0%B5%D0%BA%D1%81-%D0%B4%D0%B8%D1%80%D0%B5%D0%BA%D1%82-4771
200	https://yandex.ru/jobs/vacancies/rukovoditel-gruppi-crm-marketinga-v-puteshestviya-13522
200	https://zyabkina.com/universal-control-groups-and-advanced-experiments-in-marketing/